vertebra_label,centroid_x,centroid_y,centroid_z,left_pedicle_x,left_pedicle_y,left_pedicle_z,right_pedicle_x,right_pedicle_y,right_pedicle_z
16,63.95131112686038,39.10829199149539,91.00170092133239,63.95131112686038,39.10829199149539,110.80170092133238,63.95131112686038,39.10829199149539,71.20170092133239
17,63.68014238494788,62.5626748029494,89.54449529621154,63.68014238494788,62.5626748029494,109.34449529621153,63.68014238494788,62.5626748029494,69.74449529621154
18,63.44816367045329,89.41513179662512,85.34603507223999,63.44816367045329,89.41513179662512,105.44603507223998,63.44816367045329,89.41513179662512,65.24603507223999
19,62.63794772507261,119.23954501452081,81.21858664085188,62.63794772507261,119.23954501452081,101.91858664085188,62.63794772507261,119.23954501452081,60.51858664085188
20,61.687918060200666,145.31234322742475,77.53234740802675,61.687918060200666,145.31234322742475,99.73234740802675,61.687918060200666,145.31234322742475,55.33234740802675
21,60.61889075004653,171.0426205099572,65.35093988460822,60.61889075004653,171.0426205099572,88.75093988460821,60.61889075004653,171.0426205099572,41.950939884608225
22,58.814003999172584,202.95480245466456,59.165896711025304,58.814003999172584,202.95480245466456,83.16589671102531,58.814003999172584,202.95480245466456,35.165896711025304
23,57.5930558335001,233.63594823560803,58.48859315589353,57.5930558335001,233.63594823560803,84.58859315589353,57.5930558335001,233.63594823560803,32.38859315589353
24,57.407717141188996,262.43407631280695,66.73434763196758,57.407717141188996,262.43407631280695,89.23434763196758,57.407717141188996,262.43407631280695,44.23434763196758
